{
  "best_model": "Random Forest",
  "all_results": {
    "Logistic Regression": {
      "accuracy": 0.72,
      "precision": 0.5213,
      "recall": 0.8167,
      "f1": 0.6364,
      "roc_auc": 0.7661,
      "confusion_matrix": [
        [
          95,
          45
        ],
        [
          11,
          49
        ]
      ]
    },
    "Random Forest": {
      "accuracy": 0.725,
      "precision": 0.5309,
      "recall": 0.7167,
      "f1": 0.6099,
      "roc_auc": 0.8056,
      "confusion_matrix": [
        [
          102,
          38
        ],
        [
          17,
          43
        ]
      ]
    },
    "XGBoost": {
      "accuracy": 0.695,
      "precision": 0.4935,
      "recall": 0.6333,
      "f1": 0.5547,
      "roc_auc": 0.7732,
      "confusion_matrix": [
        [
          101,
          39
        ],
        [
          22,
          38
        ]
      ]
    }
  },
  "global_shap_importance": {
    "checking_account_status": 0.07867145008303382,
    "has_no_checking_account": 0.06262827551156852,
    "duration_months": 0.03880880993529343,
    "savings_account": 0.029044962661525998,
    "debt_to_duration": 0.02579804712352447,
    "installment_burden": 0.018222662570745556,
    "credit_amount": 0.014888843574381267,
    "personal_status_sex": 0.013807368288757893,
    "other_installment_plans": 0.012783241236729685,
    "age": 0.012595148361873214
  },
  "dataset_size": 1000,
  "bad_risk_rate": 0.3
}